-- phpMyAdmin SQL Dump
-- version 5.2.0
-- https://www.phpmyadmin.net/
--
-- Servidor: 127.0.0.1
-- Tiempo de generación: 10-07-2024 a las 04:57:49
-- Versión del servidor: 10.4.27-MariaDB
-- Versión de PHP: 7.4.33

SET SQL_MODE = "NO_AUTO_VALUE_ON_ZERO";
START TRANSACTION;
SET time_zone = "+00:00";


/*!40101 SET @OLD_CHARACTER_SET_CLIENT=@@CHARACTER_SET_CLIENT */;
/*!40101 SET @OLD_CHARACTER_SET_RESULTS=@@CHARACTER_SET_RESULTS */;
/*!40101 SET @OLD_COLLATION_CONNECTION=@@COLLATION_CONNECTION */;
/*!40101 SET NAMES utf8mb4 */;

--
-- Base de datos: `cortinova`
--

-- --------------------------------------------------------

--
-- Estructura de tabla para la tabla `clientes`
--

CREATE TABLE `clientes` (
  `id` int(11) NOT NULL,
  `nombre` varchar(255) NOT NULL,
  `email` varchar(255) NOT NULL,
  `telefono` varchar(50) DEFAULT NULL,
  `direccion` varchar(255) DEFAULT NULL
) ENGINE=InnoDB DEFAULT CHARSET=utf8mb4 COLLATE=utf8mb4_general_ci;

--
-- Volcado de datos para la tabla `clientes`
--

INSERT INTO `clientes` (`id`, `nombre`, `email`, `telefono`, `direccion`) VALUES
(1, 'Carlos Perez', 'carlos.perez@example.com', '555-1234', '123 Calle Falsa'),
(2, 'Laura Martinez', 'laura.martinez@example.com', '555-5678', '456 Calle Real'),
(3, 'Pedro Rodriguez', 'pedro.rodriguez@example.com', '555-8765', '789 Calle Principal');

-- --------------------------------------------------------

--
-- Estructura de tabla para la tabla `detalle_pedido`
--

CREATE TABLE `detalle_pedido` (
  `id` int(11) NOT NULL,
  `pedido_id` int(11) NOT NULL,
  `producto_id` int(11) NOT NULL,
  `cantidad` int(11) NOT NULL,
  `precio_unitario` decimal(10,2) NOT NULL
) ENGINE=InnoDB DEFAULT CHARSET=utf8mb4 COLLATE=utf8mb4_general_ci;

--
-- Volcado de datos para la tabla `detalle_pedido`
--

INSERT INTO `detalle_pedido` (`id`, `pedido_id`, `producto_id`, `cantidad`, `precio_unitario`) VALUES
(1, 1, 1, 2, '50.00'),
(2, 1, 3, 1, '50.00'),
(3, 2, 2, 2, '55.00'),
(4, 3, 1, 1, '50.00'),
(5, 3, 3, 1, '55.00');

-- --------------------------------------------------------

--
-- Estructura de tabla para la tabla `pedidos`
--

CREATE TABLE `pedidos` (
  `id` int(11) NOT NULL,
  `cliente_id` int(11) NOT NULL,
  `fecha_pedido` datetime NOT NULL,
  `total` decimal(10,2) NOT NULL
) ENGINE=InnoDB DEFAULT CHARSET=utf8mb4 COLLATE=utf8mb4_general_ci;

--
-- Volcado de datos para la tabla `pedidos`
--

INSERT INTO `pedidos` (`id`, `cliente_id`, `fecha_pedido`, `total`) VALUES
(1, 1, '2024-07-01 10:30:00', '150.00'),
(2, 2, '2024-07-02 11:00:00', '110.00'),
(3, 3, '2024-07-03 14:00:00', '105.00');

-- --------------------------------------------------------

--
-- Estructura de tabla para la tabla `stock`
--

CREATE TABLE `stock` (
  `id` int(11) NOT NULL,
  `producto` varchar(255) NOT NULL,
  `cantidad` int(11) NOT NULL,
  `precio` decimal(10,2) NOT NULL
) ENGINE=InnoDB DEFAULT CHARSET=utf8mb4 COLLATE=utf8mb4_general_ci;

--
-- Volcado de datos para la tabla `stock`
--

INSERT INTO `stock` (`id`, `producto`, `cantidad`, `precio`) VALUES
(1, 'Cortina Roller Blanca', 100, '50.00'),
(2, 'Cortina Roller Negra', 50, '55.00'),
(3, 'Cortina Roller Beige', 75, '52.50');

-- --------------------------------------------------------

--
-- Estructura de tabla para la tabla `user`
--

CREATE TABLE `user` (
  `id` int(11) NOT NULL,
  `name` varchar(255) NOT NULL,
  `email` varchar(255) NOT NULL,
  `password` varchar(255) NOT NULL
) ENGINE=InnoDB DEFAULT CHARSET=utf8mb4 COLLATE=utf8mb4_general_ci;

--
-- Volcado de datos para la tabla `user`
--

INSERT INTO `user` (`id`, `name`, `email`, `password`) VALUES
(1, 'John Doe', 'john.doe@example.com', 'password123'),
(2, 'Jane Smith', 'jane.smith@example.com', 'password456'),
(3, 'Alice Johnson', 'alice.johnson@example.com', 'password789'),
(4, 'Bob Brown', 'bob.brown@example.com', 'password101'),
(5, 'Charlie Davis', 'charlie.davis@example.com', 'password202');

--
-- Índices para tablas volcadas
--

--
-- Indices de la tabla `clientes`
--
ALTER TABLE `clientes`
  ADD PRIMARY KEY (`id`);

--
-- Indices de la tabla `detalle_pedido`
--
ALTER TABLE `detalle_pedido`
  ADD PRIMARY KEY (`id`),
  ADD KEY `pedido_id` (`pedido_id`),
  ADD KEY `producto_id` (`producto_id`);

--
-- Indices de la tabla `pedidos`
--
ALTER TABLE `pedidos`
  ADD PRIMARY KEY (`id`),
  ADD KEY `cliente_id` (`cliente_id`);

--
-- Indices de la tabla `stock`
--
ALTER TABLE `stock`
  ADD PRIMARY KEY (`id`);

--
-- Indices de la tabla `user`
--
ALTER TABLE `user`
  ADD PRIMARY KEY (`id`);

--
-- AUTO_INCREMENT de las tablas volcadas
--

--
-- AUTO_INCREMENT de la tabla `clientes`
--
ALTER TABLE `clientes`
  MODIFY `id` int(11) NOT NULL AUTO_INCREMENT, AUTO_INCREMENT=4;

--
-- AUTO_INCREMENT de la tabla `detalle_pedido`
--
ALTER TABLE `detalle_pedido`
  MODIFY `id` int(11) NOT NULL AUTO_INCREMENT, AUTO_INCREMENT=6;

--
-- AUTO_INCREMENT de la tabla `pedidos`
--
ALTER TABLE `pedidos`
  MODIFY `id` int(11) NOT NULL AUTO_INCREMENT, AUTO_INCREMENT=4;

--
-- AUTO_INCREMENT de la tabla `stock`
--
ALTER TABLE `stock`
  MODIFY `id` int(11) NOT NULL AUTO_INCREMENT, AUTO_INCREMENT=4;

--
-- AUTO_INCREMENT de la tabla `user`
--
ALTER TABLE `user`
  MODIFY `id` int(11) NOT NULL AUTO_INCREMENT, AUTO_INCREMENT=6;

--
-- Restricciones para tablas volcadas
--

--
-- Filtros para la tabla `detalle_pedido`
--
ALTER TABLE `detalle_pedido`
  ADD CONSTRAINT `detalle_pedido_ibfk_1` FOREIGN KEY (`pedido_id`) REFERENCES `pedidos` (`id`),
  ADD CONSTRAINT `detalle_pedido_ibfk_2` FOREIGN KEY (`producto_id`) REFERENCES `stock` (`id`);

--
-- Filtros para la tabla `pedidos`
--
ALTER TABLE `pedidos`
  ADD CONSTRAINT `pedidos_ibfk_1` FOREIGN KEY (`cliente_id`) REFERENCES `clientes` (`id`);
COMMIT;

/*!40101 SET CHARACTER_SET_CLIENT=@OLD_CHARACTER_SET_CLIENT */;
/*!40101 SET CHARACTER_SET_RESULTS=@OLD_CHARACTER_SET_RESULTS */;
/*!40101 SET COLLATION_CONNECTION=@OLD_COLLATION_CONNECTION */;
